sm1q3jqcknumx2lkrp00v8x92yq20j4j5huv3wkyd4,100
sm1qcldvvpxql3hk20nw2dq6jk2m4sum88lcsymq5a,200
sm1qttpx4lw4wfjrps2eamwk98fc3rez8waqykqsjz,300
sm1qyx6pr9r6fwh54jmf03cpwdjxqw8r0kjp5lxce7,400
sm1q55gy9h33w0ej3up7pdj82epsauchxa4jut6yjg,500
sm1quaps9ga23awalmwyssl0dd9sl2wmkgsjzgwpfn,600
sm1q3jqcknumx2lkrp00v8x92yq20j4j5huv3wkyd4,100
sm1qcldvvpxql3hk20nw2dq6jk2m4sum88lcsymq5a,200
sm1qttpx4lw4wfjrps2eamwk98fc3rez8waqykqsjz,300
sm1qyx6pr9r6fwh54jmf03cpwdjxqw8r0kjp5lxce7,400
sm1q55gy9h33w0ej3up7pdj82epsauchxa4jut6yjg,500
sm1quaps9ga23awalmwyssl0dd9sl2wmkgsjzgwpfn,600
sm1q3jqcknumx2lkrp00v8x92yq20j4j5huv3wkyd4,100
sm1qcldvvpxql3hk20nw2dq6jk2m4sum88lcsymq5a,200
sm1qttpx4lw4wfjrps2eamwk98fc3rez8waqykqsjz,300
sm1qyx6pr9r6fwh54jmf03cpwdjxqw8r0kjp5lxce7,400
sm1q55gy9h33w0ej3up7pdj82epsauchxa4jut6yjg,500
sm1quaps9ga23awalmwyssl0dd9sl2wmkgsjzgwpfn,600